{"count": 19, "results": [{"id": 27, "name": "The Score", "description": "There is a web application running in ocean.trendinternal.com. That website has a critical configuration flaw. Locate the AWS credentials from the application. \r\n\r\nWhat is the access key ID?", "max_attempts": 0, "value": 100, "category": "Heist", "type": "standard", "state": "visible", "requirements": null}, {"id": 28, "name": "Private Access", "description": "Congratulations, you are now inside! You should be able to see the current flag located in a file stored in a static service\r\n\r\nThe flag is the value of the password", "max_attempts": 0, "value": 50, "category": "Heist", "type": "standard", "state": "visible", "requirements": {"prerequisites": [27]}}, {"id": 30, "name": "Oceans 11", "description": "The network has a vulnerable server, try to find it to give you access to the other servers!\r\n\r\nHow many ports are open in that vulnerable server? \r\n ", "max_attempts": 0, "value": 50, "category": "Heist", "type": "standard", "state": "visible", "requirements": {"prerequisites": [28]}}, {"id": 31, "name": "Mission Impossible", "description": "Now you know that there is a tooling vulnerable server. Now it's time to see if you can use this to access it and getting some more credentials!\r\n\r\nWhat is the name of a file that should not be lying around normal servers", "max_attempts": 0, "value": 150, "category": "Heist", "type": "standard", "state": "visible", "requirements": {"prerequisites": [30]}}, {"id": 32, "name": "Fast Five", "description": "You know there is a Java application running in a container nearby in the same web server. That application is using the database that need to be ex-filtrated. See what you can find inside the container application directory.\r\n\r\nWhat is the password you identified from the database settings? ", "max_attempts": 0, "value": 200, "category": "Heist", "type": "standard", "state": "visible", "requirements": {"prerequisites": [31]}}, {"id": 33, "name": "Inside Man", "description": "Now you know where the database is. It's time to find out what's in it. \r\nThe developers are using jenkins to maintain the database. \r\n\r\nHow many fields are encrypted in the table related to this challenge. \r\n", "max_attempts": 0, "value": 150, "category": "Heist", "type": "standard", "state": "visible", "requirements": {"prerequisites": [32]}}, {"id": 34, "name": "Jackie Brown", "description": "You have the data but you do not have any idea on how to read it. You need to know the richest person in the database.\r\n\r\nWho is the richest person in the database?", "max_attempts": 0, "value": 150, "category": "Heist", "type": "standard", "state": "visible", "requirements": {"prerequisites": [33]}}, {"id": 35, "name": "Snatch", "description": "Congratulations you are almost done! Just exfiltration left. To complete your work, extract the original database and put it in the related S3 bucket name then make the file public to download.\r\n\r\nTry to download it from your local machine browser!\r\n\r\nWhat is the (Size on Disk) of the database file in Bytes?\r\n\r\n", "max_attempts": 0, "value": 50, "category": "Heist", "type": "standard", "state": "visible", "requirements": {"prerequisites": [34]}}, {"id": 36, "name": "Memento", "description": "Your server has been attacked! It has deep security agent in detect mode. So all the logs are there to investigate and fix the damage.\r\n\r\nDeep Security Dashboard URL: https://app.deepsecurity.trendmicro.com\r\nAccount Name: CloudSec-TrendMicro\r\nUsername: registration_nal@cloudsec.com\r\nPassword: Id0ntkn0w! \r\n\r\nFirst Task!\r\n\r\nThe attacker has been trying to gain access into your container. He gets access successfully and is able to run some commands.\r\n\r\nWhat is the CVE number used to gain remote access?", "max_attempts": 0, "value": 10, "category": "Investigation", "type": "standard", "state": "visible", "requirements": {"prerequisites": [35]}}, {"id": 37, "name": "Fargo", "description": "The attacker tries to exploit the docker host from the container by overwriting a value.\r\n\r\nWhat is the key name of the changed file (Full Path)?", "max_attempts": 0, "value": 10, "category": "Investigation", "type": "standard", "state": "visible", "requirements": {"prerequisites": [36]}}, {"id": 38, "name": "Shutter Island", "description": "The attacker is able to create a user on the server. What is the name of the first user?", "max_attempts": 0, "value": 10, "category": "Investigation", "type": "standard", "state": "visible", "requirements": {"prerequisites": [37]}}, {"id": 39, "name": "Zodiac", "description": "The attacker has downloaded a malware into the container. What is the full path of the infected file?", "max_attempts": 0, "value": 10, "category": "Investigation", "type": "standard", "state": "visible", "requirements": {"prerequisites": [38]}}, {"id": 40, "name": "Se7en", "description": "The attacker tries to change the DNS server of the host. What is the new hash that has been generated after this change?", "max_attempts": 0, "value": 10, "category": "Investigation", "type": "standard", "state": "visible", "requirements": {"prerequisites": [39]}}, {"id": 41, "name": "Extracting Data", "description": "The attacker tries to extract the data from the server. What is the name of the website that he has been trying to reach?", "max_attempts": 0, "value": 10, "category": "Investigation", "type": "standard", "state": "visible", "requirements": {"prerequisites": [40]}}, {"id": 42, "name": "New Exploit", "description": "The attacker tries to run a new exploit script on the server. What is the MD5 of the exploit script?", "max_attempts": 0, "value": 10, "category": "Investigation", "type": "standard", "state": "visible", "requirements": {"prerequisites": [41]}}, {"id": 43, "name": "Suspicious Admin (Extra)", "description": "Note: The Extra Challenges are located in the vulnerable server that you just exploited in Mission Impossible.\r\n\r\nThere is a suspicious admin used to login to this machine. This admin is trying to hide something using his account.\r\nFind the flag!\r\n\r\nFlag will be accepted with this format:\r\n\r\nFLAG={###}", "max_attempts": 0, "value": 100, "category": "Digital Forensics", "type": "standard", "state": "visible", "requirements": {"prerequisites": [31]}}, {"id": 44, "name": "Misterio (Extra)", "description": "Note: The Extra Challenges are located in the vulnerable server that you just exploited in Mission Impossible.\r\n\r\nthere is a spy on your corp. and trying to send a secret message to his employer.\r\nTry to get the flag from the files that we captured.\r\n\r\nFlag will be accepted with this format:\r\n\r\nFLAG={###}", "max_attempts": 0, "value": 200, "category": "Stenography", "type": "standard", "state": "visible", "requirements": {"prerequisites": [31]}}, {"id": 45, "name": "Packified (Extra)", "description": "Note: The Extra Challenges are located in the vulnerable server that you just exploited in Mission Impossible.\r\n\r\nKeep an eye on your stack.\r\n\r\nFlag will be accepted with this format:\r\n\r\nTM{###}", "max_attempts": 0, "value": 75, "category": "Reverse Engineering", "type": "standard", "state": "visible", "requirements": {"prerequisites": [31]}}, {"id": 46, "name": "Fibonacci\u2019s socket (Extra)", "description": "Note: The Extra Challenges are located in the vulnerable server that you just exploited in Mission Impossible.\r\n\r\nFibonacci\u2019s socket is not like any other socket, there is a secret buried deep inside the socket, can you reveal it ?\r\n\r\nFlag will be accepted with this format:\r\n\r\nTM{###}", "max_attempts": 0, "value": 200, "category": "Reverse Engineering", "type": "standard", "state": "visible", "requirements": {"prerequisites": [31]}}], "meta": {}}