{"count": 4, "results": [{"id": 1, "type": "standard", "location": "77b37f1d1880d454fe610cf06bbaa73c/fB_banner_2019.jpg", "challenge_id": null, "page_id": null}, {"id": 2, "type": "standard", "location": "27905444ac33c1135dd1a6e26c6b7df7/CC_Logo_Transparent.png", "challenge_id": null, "page_id": null}, {"id": 3, "type": "page", "location": "b09c5f7338dec9c066999a76dbf9f6e9/Logo_Bar.png", "challenge_id": null, "page_id": null}, {"id": 4, "type": "page", "location": "74d557b07be15d5fd549e3ce9507bc78/Logo_Bar.png", "challenge_id": null, "page_id": null}], "meta": {}}