{"count": 19, "results": [{"id": 31, "challenge_id": 27, "type": "static", "content": "AKIA2SWEZMNNNGBEAMOQ", "data": "case_insensitive"}, {"id": 33, "challenge_id": 30, "type": "static", "content": "5", "data": null}, {"id": 34, "challenge_id": 31, "type": "static", "content": "trend.pem", "data": "case_insensitive"}, {"id": 35, "challenge_id": 28, "type": "static", "content": "rustyry@n1!", "data": "case_insensitive"}, {"id": 36, "challenge_id": 32, "type": "static", "content": "keysersoze", "data": "case_insensitive"}, {"id": 37, "challenge_id": 33, "type": "static", "content": "6", "data": "case_insensitive"}, {"id": 38, "challenge_id": 34, "type": "static", "content": "Scrooge McDuck", "data": "case_insensitive"}, {"id": 39, "challenge_id": 35, "type": "static", "content": "8192", "data": "case_insensitive"}, {"id": 40, "challenge_id": 36, "type": "static", "content": "CVE-2017-5638", "data": "case_insensitive"}, {"id": 41, "challenge_id": 37, "type": "static", "content": "/usr/bin/docker-runc", "data": "case_insensitive"}, {"id": 42, "challenge_id": 38, "type": "static", "content": "Bingo", "data": "case_insensitive"}, {"id": 43, "challenge_id": 39, "type": "static", "content": "/usr/local/tomcat/eicar.com", "data": "case_insensitive"}, {"id": 44, "challenge_id": 40, "type": "static", "content": "63C38BBBC2D0C153B27B49F729D813D30D3204A0", "data": "case_insensitive"}, {"id": 45, "challenge_id": 41, "type": "static", "content": "ex-filterate-server.com", "data": "case_insensitive"}, {"id": 46, "challenge_id": 42, "type": "static", "content": "73656E2169615FE75A5B1A60D5AA8519", "data": "case_insensitive"}, {"id": 47, "challenge_id": 43, "type": "static", "content": "FLAG={9ECC11E9ED044F1D1E3F965A9654BF52}", "data": "case_insensitive"}, {"id": 48, "challenge_id": 44, "type": "static", "content": "FLAG={There_Are_Lot_Of_Ways_To_Hide_Strings_In_Images}", "data": null}, {"id": 49, "challenge_id": 45, "type": "static", "content": "TM{Unp4cking_D0ne}", "data": null}, {"id": 50, "challenge_id": 46, "type": "static", "content": "TM{5702887,9227465}", "data": ""}], "meta": {}}