{"count": 17, "results": [{"id": 43, "type": "standard", "challenge_id": 27, "content": "Inspect the application files in the browser.", "cost": 50, "requirements": null}, {"id": 45, "type": "standard", "challenge_id": 30, "content": "The network range is /16, look for the SMB Windows Server\r\n\r\nNote: Think from operations prospective, you may find it easier!", "cost": 20, "requirements": null}, {"id": 46, "type": "standard", "challenge_id": 31, "content": "Try to exploit the EternalBlue Vulnerability", "cost": 50, "requirements": null}, {"id": 47, "type": "standard", "challenge_id": 28, "content": "Search in the S3 service", "cost": 25, "requirements": null}, {"id": 48, "type": "standard", "challenge_id": 32, "content": "The container port is 8080. Try to exploit the Struts Vulnerability to get access inside using this script!\r\n\r\nhttps://ctf-cloudsec.s3.amazonaws.com/exploit-cve-2017-5638.py", "cost": 75, "requirements": null}, {"id": 49, "type": "standard", "challenge_id": 33, "content": "The server jenkins.trendinternal.com maintain the database which is located in the ocean server.\r\n\r\nSSH to jenkins with the pem key that you find and the default username for AWS servers.", "cost": 75, "requirements": null}, {"id": 50, "type": "standard", "challenge_id": 34, "content": "The data is encrypted using AWS KMS service. Try to decrypt it after decoding.\r\n\r\nNote: The key is located in a nearby region", "cost": 50, "requirements": null}, {"id": 51, "type": "standard", "challenge_id": 35, "content": "1) Dump the sql file via mysqldump\r\n2) Upload the file to ftp-nal S3 bucket (search about aws s3 cp command)\r\n3) use this command to make it public: aws s3api put-object-acl --bucket awsexamplebucket --key exampleobject --acl public-read\r\n4) Download the file into your machine via: http(s)://<bucket>.s3.amazonaws.com/<object>\r\n5) Check the Size on Disk via Properties", "cost": 15, "requirements": null}, {"id": 52, "type": "standard", "challenge_id": 36, "content": "Check the IPS events, and make sure of the logs period!", "cost": 5, "requirements": null}, {"id": 53, "type": "standard", "challenge_id": 37, "content": "Check Integrity Monitoring events and search for Docker, then check the update actions", "cost": 5, "requirements": null}, {"id": 54, "type": "standard", "challenge_id": 38, "content": "Check Log Inspection logs", "cost": 5, "requirements": null}, {"id": 55, "type": "standard", "challenge_id": 39, "content": "Check the Anti Malware logs and make sure of the container destination first before submitting the flag", "cost": 5, "requirements": null}, {"id": 56, "type": "standard", "challenge_id": 40, "content": "Check the Integrity Monitoring logs and search for hosts", "cost": 5, "requirements": null}, {"id": 57, "type": "standard", "challenge_id": 41, "content": "Check the Web Reputation Events", "cost": 5, "requirements": null}, {"id": 58, "type": "standard", "challenge_id": 42, "content": "Check the application control events and search by exploit", "cost": 5, "requirements": null}, {"id": 59, "type": "standard", "challenge_id": 43, "content": "What is the process that stores user credentials on windows 7 ?", "cost": 50, "requirements": null}, {"id": 60, "type": "standard", "challenge_id": 44, "content": "What is the most used tool for stenography? Also what is the most used wordlist for passwords ?", "cost": 50, "requirements": null}], "meta": {}}