{"count": 2, "results": [{"id": 1, "title": "Welcome", "route": "index", "content": "<div class=\"row\">\r\n    <div class=\"col-md-6 offset-md-3\">\r\n\r\n        <h3 class=\"text-center\">\r\n           Test your skills. Complete the challenge.Be a CHAMPION. \r\n        </h3>\r\n        <br>\r\n        <h4 class=\"text-center\">\r\n            Click <a href=\"admin\" >here</a> to login and setup your CTF\r\n        </h4>\r\n    </div>\r\n</div>", "draft": 0, "hidden": 0, "auth_required": 0}, {"id": 2, "title": "TLDR", "route": "tldr", "content": "Welcome to the 2019 #CloudSec_Challenge!\r\n\r\nIn todays' CTF you will be tasked with two challenges. In the first half you will infiltrate a network, navigate your way through it, and retrieve valuable information. In the second part you will investigate an attack, understand vulnerabilities, and prepare for future ones. \r\n\r\nThe rules are as follows: \r\n\r\nScoring - The first person/team to succeed at a challenge wins 100 points. Every successive success gains 90 points. \r\n\r\nHints - There are 3 Hints. Each hint deducts. Mini Hint \u2013 Less 10 Points. OK Hint \u2013 Less 20 Points. Walkthrough \u2013 Less 50 Points.\r\n\r\nHouse Rules - Challenge Starts at 1315H. Challenge Ends at 1715H. Awards at 1730H.\r\n\r\nRemember \u2013 you always have hints!\r\n\r\n\r\n\r\n\r\n\r\n\r\n\r\n   \t\r\n\t\t\t\t\t\t", "draft": 0, "hidden": 0, "auth_required": 0}], "meta": {}}