{"count": 8, "results": [{"id": 1325, "challenge_id": 27, "user_id": 88, "team_id": 49}, {"id": 1326, "challenge_id": 28, "user_id": 88, "team_id": 49}, {"id": 1327, "challenge_id": 30, "user_id": 88, "team_id": 49}, {"id": 1328, "challenge_id": 27, "user_id": 89, "team_id": 50}, {"id": 1330, "challenge_id": 28, "user_id": 89, "team_id": 50}, {"id": 1331, "challenge_id": 30, "user_id": 89, "team_id": 50}, {"id": 1334, "challenge_id": 31, "user_id": 89, "team_id": 50}, {"id": 1335, "challenge_id": 31, "user_id": 88, "team_id": 49}], "meta": {}}