{"count": 3, "results": [{"id": 48, "oauth_id": null, "name": "DeadLock", "email": null, "password": "$bcrypt-sha256$2b,12$sNPKokutFRYK7AhcyNqy1.$gO4QR77s1c0s2E.f8vUXBD4gCXAUk4C", "secret": null, "website": null, "affiliation": null, "country": null, "bracket": null, "hidden": 0, "banned": 0, "created": "2019-09-23T20:41:58", "captain_id": 87}, {"id": 49, "oauth_id": null, "name": "Mithrandir", "email": null, "password": "$bcrypt-sha256$2b,12$abGNuF1pGLLYo9qCbc6zFu$S7xiXx0AD3I/9uKJ2FFxEMJRajFl7Ni", "secret": null, "website": null, "affiliation": null, "country": null, "bracket": null, "hidden": 1, "banned": 0, "created": "2019-09-24T07:34:20", "captain_id": 88}, {"id": 50, "oauth_id": null, "name": "Bane", "email": null, "password": "$bcrypt-sha256$2b,12$J76nXxdxizIeS90vKjt.tu$tXuBoEJ3atrJfkdm5djNGpfLUUH5AUW", "secret": null, "website": null, "affiliation": null, "country": null, "bracket": null, "hidden": 1, "banned": 0, "created": "2019-09-24T07:38:22", "captain_id": 89}], "meta": {}}