{"count": 9, "results": [{"id": 200, "type": null, "ip": "165.21.98.190", "user_id": 86, "date": "2019-09-24T07:52:25"}, {"id": 201, "type": null, "ip": "41.187.93.28", "user_id": 86, "date": "2020-01-23T12:02:35"}, {"id": 202, "type": null, "ip": "41.69.46.225", "user_id": 86, "date": "2019-09-23T09:44:47"}, {"id": 203, "type": null, "ip": "41.232.113.76", "user_id": 87, "date": "2019-09-23T20:43:40"}, {"id": 204, "type": null, "ip": "165.21.98.190", "user_id": 88, "date": "2019-09-24T07:57:00"}, {"id": 205, "type": null, "ip": "165.21.98.190", "user_id": 89, "date": "2019-09-24T07:50:09"}, {"id": 206, "type": null, "ip": "102.184.63.97", "user_id": 86, "date": "2019-09-24T17:31:47"}, {"id": 207, "type": null, "ip": "41.69.195.53", "user_id": 86, "date": "2020-01-24T10:50:09"}, {"id": 208, "type": null, "ip": "203.117.144.82", "user_id": 86, "date": "2020-02-11T08:25:39"}], "meta": {}}