{"count": 4, "results": [{"id": 86, "oauth_id": null, "name": "bryce", "password": "$bcrypt-sha256$2b,12$R2cxQOiIzPPz3aRtOHTrS.$b1/CWxm//8ljz1ZCJaQEWHhwJueW5Oi", "email": "paul_hidalgo@trendmicro.com", "type": "admin", "secret": null, "website": null, "affiliation": null, "country": null, "bracket": null, "hidden": 1, "banned": 0, "verified": 0, "team_id": null, "created": "2019-09-23T02:29:52"}, {"id": 87, "oauth_id": null, "name": "DeadLock", "password": "$bcrypt-sha256$2b,12$h6CqL6ElB9rRC1KdaTgyAu$hodPp4ctW63NQVDB5Jwhpg1tZggdRmO", "email": "kyrillos.n.wadie@gmail.com", "type": "user", "secret": null, "website": null, "affiliation": null, "country": null, "bracket": null, "hidden": 0, "banned": 0, "verified": 0, "team_id": 48, "created": "2019-09-23T20:41:38"}, {"id": 88, "oauth_id": null, "name": "mvnievesmalik", "password": "$bcrypt-sha256$2b,12$HMDkkhdt3ikRHUlfj/4jRe$Ud5ZxPbhUs0LbQwE2KIKRcaZdhF9m6y", "email": "mnievesmalik@gmail.com", "type": "user", "secret": null, "website": null, "affiliation": null, "country": null, "bracket": null, "hidden": 0, "banned": 0, "verified": 0, "team_id": 49, "created": "2019-09-24T07:33:50"}, {"id": 89, "oauth_id": null, "name": "Dyron", "password": "$bcrypt-sha256$2b,12$SRRp1lxs2lF6BgxE0CJnje$Eca7TvHIXBccCJ51H9vI2fAYSJ9YlxK", "email": "maxdavisphoto@gmail.com", "type": "user", "secret": null, "website": null, "affiliation": null, "country": null, "bracket": null, "hidden": 0, "banned": 0, "verified": 0, "team_id": 50, "created": "2019-09-24T07:38:11"}], "meta": {}}