{"count": 92, "results": [{"id": 6, "challenge_id": 7, "type": "static", "content": "30", "data": "case_insensitive"}, {"id": 7, "challenge_id": 8, "type": "static", "content": "7", "data": "case_insensitive"}, {"id": 9, "challenge_id": 10, "type": "static", "content": "ps1", "data": "case_insensitive"}, {"id": 10, "challenge_id": 11, "type": "static", "content": "sh", "data": "case_insensitive"}, {"id": 11, "challenge_id": 12, "type": "static", "content": "MC_axel_axel-k8s_southeastasia", "data": "case_insensitive"}, {"id": 12, "challenge_id": 13, "type": "static", "content": "redpill.txt", "data": "case_insensitive"}, {"id": 13, "challenge_id": 14, "type": "static", "content": "1002773", "data": "case_insensitive"}, {"id": 14, "challenge_id": 15, "type": "static", "content": "http://wrs21.winshipway.com/", "data": "case_insensitive"}, {"id": 15, "challenge_id": 16, "type": "static", "content": "1004057", "data": "case_insensitive"}, {"id": 16, "challenge_id": 17, "type": "static", "content": "CVE-2017-0144", "data": "case_insensitive"}, {"id": 17, "challenge_id": 18, "type": "static", "content": "200", "data": "case_insensitive"}, {"id": 18, "challenge_id": 19, "type": "static", "content": "2", "data": "case_insensitive"}, {"id": 19, "challenge_id": 20, "type": "static", "content": "ARJ", "data": "case_insensitive"}, {"id": 20, "challenge_id": 21, "type": "static", "content": "Blocked By Administrator", "data": "case_insensitive"}, {"id": 21, "challenge_id": 22, "type": "static", "content": "Actions", "data": "case_insensitive"}, {"id": 22, "challenge_id": 23, "type": "static", "content": "27", "data": "case_insensitive"}, {"id": 23, "challenge_id": 24, "type": "static", "content": "https://aws-quickstart.s3.amazonaws.com/quickstart-trendmicro-deepsecurity/templates/quickstart/trendmicro-deepsecurity-master.template", "data": "case_insensitive"}, {"id": 24, "challenge_id": 25, "type": "static", "content": "14", "data": "case_insensitive"}, {"id": 25, "challenge_id": 26, "type": "static", "content": ".DS_Store", "data": "case_insensitive"}, {"id": 26, "challenge_id": 27, "type": "static", "content": "13", "data": "case_insensitive"}, {"id": 27, "challenge_id": 28, "type": "static", "content": "3", "data": "case_insensitive"}, {"id": 28, "challenge_id": 29, "type": "static", "content": "2", "data": "case_insensitive"}, {"id": 29, "challenge_id": 30, "type": "static", "content": "6", "data": "case_insensitive"}, {"id": 30, "challenge_id": 31, "type": "static", "content": "Passphrase", "data": "case_insensitive"}, {"id": 31, "challenge_id": 32, "type": "static", "content": "2", "data": "case_insensitive"}, {"id": 32, "challenge_id": 33, "type": "static", "content": "1", "data": "case_insensitive"}, {"id": 33, "challenge_id": 34, "type": "static", "content": "7", "data": "case_insensitive"}, {"id": 34, "challenge_id": 35, "type": "static", "content": "Deep Security Smart Check scan found issues with the image", "data": "case_insensitive"}, {"id": 35, "challenge_id": 36, "type": "static", "content": "Certify Release", "data": null}, {"id": 36, "challenge_id": 37, "type": "static", "content": "8080", "data": "case_insensitive"}, {"id": 37, "challenge_id": 9, "type": "static", "content": "ctf-flag", "data": null}, {"id": 38, "challenge_id": 38, "type": "static", "content": "Illegal File Access", "data": "case_insensitive"}, {"id": 39, "challenge_id": 39, "type": "static", "content": "3", "data": null}, {"id": 40, "challenge_id": 40, "type": "static", "content": "2", "data": null}, {"id": 42, "challenge_id": 41, "type": "static", "content": "11", "data": ""}, {"id": 43, "challenge_id": 43, "type": "static", "content": "TrendAppProtectOverrideResponse", "data": "case_insensitive"}, {"id": 44, "challenge_id": 42, "type": "static", "content": "200", "data": null}, {"id": 45, "challenge_id": 44, "type": "static", "content": "/etc/passwd", "data": "case_insensitive"}, {"id": 46, "challenge_id": 45, "type": "static", "content": "8", "data": ""}, {"id": 47, "challenge_id": 46, "type": "static", "content": "us-east-1", "data": null}, {"id": 48, "challenge_id": 47, "type": "static", "content": "Monetary Authority of Singapore", "data": "case_insensitive"}, {"id": 49, "challenge_id": 48, "type": "static", "content": "aws-code-bucket-tejas", "data": "case_insensitive"}, {"id": 50, "challenge_id": 49, "type": "static", "content": "10", "data": ""}, {"id": 51, "challenge_id": 50, "type": "static", "content": "Malicious File Upload", "data": "case_insensitive"}, {"id": 53, "challenge_id": 52, "type": "static", "content": "trend_app_protect.so", "data": "case_insensitive"}, {"id": 54, "challenge_id": 53, "type": "static", "content": "Thank you for Submitting, Hope you win!", "data": "case_insensitive"}, {"id": 55, "challenge_id": 54, "type": "static", "content": "Blocked", "data": "case_insensitive"}, {"id": 56, "challenge_id": 55, "type": "static", "content": "Ransom_PETYA.SM3", "data": "case_insensitive"}, {"id": 57, "challenge_id": 56, "type": "static", "content": "14", "data": "case_insensitive"}, {"id": 59, "challenge_id": 58, "type": "static", "content": "Administrator", "data": "case_insensitive"}, {"id": 60, "challenge_id": 59, "type": "static", "content": "Disable Two-Factor authentication", "data": "case_insensitive"}, {"id": 61, "challenge_id": 60, "type": "static", "content": "0.0.0.0/0", "data": "case_insensitive"}, {"id": 62, "challenge_id": 61, "type": "static", "content": "Administrator", "data": "case_insensitive"}, {"id": 64, "challenge_id": 63, "type": "static", "content": "An S3 billing bucket", "data": "case_insensitive"}, {"id": 67, "challenge_id": 66, "type": "static", "content": "10", "data": "case_insensitive"}, {"id": 68, "challenge_id": 67, "type": "static", "content": "8", "data": "case_insensitive"}, {"id": 69, "challenge_id": 68, "type": "static", "content": "prod", "data": "case_insensitive"}, {"id": 70, "challenge_id": 69, "type": "static", "content": "Extreme", "data": "case_insensitive"}, {"id": 71, "challenge_id": 70, "type": "static", "content": "Thursday", "data": "case_insensitive"}, {"id": 72, "challenge_id": 71, "type": "static", "content": "Security", "data": "case_insensitive"}, {"id": 73, "challenge_id": 72, "type": "static", "content": "event-bus-install.sh", "data": "case_insensitive"}, {"id": 74, "challenge_id": 73, "type": "static", "content": "AWS CLI", "data": "case_insensitive"}, {"id": 75, "challenge_id": 74, "type": "static", "content": "Yellow", "data": "case_insensitive"}, {"id": 76, "challenge_id": 75, "type": "static", "content": "us-east-1", "data": "case_insensitive"}, {"id": 77, "challenge_id": 76, "type": "static", "content": "juno-ssm", "data": "case_insensitive"}, {"id": 78, "challenge_id": 77, "type": "static", "content": "NAL-Account Prod", "data": "case_insensitive"}, {"id": 79, "challenge_id": 78, "type": "static", "content": "gp2", "data": "case_insensitive"}, {"id": 80, "challenge_id": 79, "type": "static", "content": "Security", "data": "case_insensitive"}, {"id": 81, "challenge_id": 80, "type": "static", "content": "$12", "data": "case_insensitive"}, {"id": 82, "challenge_id": 81, "type": "static", "content": "IAM", "data": "case_insensitive"}, {"id": 83, "challenge_id": 82, "type": "static", "content": "Medium", "data": "case_insensitive"}, {"id": 84, "challenge_id": 83, "type": "static", "content": "483", "data": "case_insensitive"}, {"id": 85, "challenge_id": 84, "type": "static", "content": "Stack Failed Status", "data": "case_insensitive"}, {"id": 86, "challenge_id": 85, "type": "static", "content": "8", "data": "case_insensitive"}, {"id": 87, "challenge_id": 86, "type": "static", "content": "SEC10", "data": "case_insensitive"}, {"id": 88, "challenge_id": 87, "type": "static", "content": "3", "data": "case_insensitive"}, {"id": 89, "challenge_id": 88, "type": "static", "content": "4", "data": "case_insensitive"}, {"id": 90, "challenge_id": 89, "type": "static", "content": "Extreme", "data": "case_insensitive"}, {"id": 91, "challenge_id": 90, "type": "static", "content": "https://hooks.slack.com/services/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", "data": "case_insensitive"}, {"id": 92, "challenge_id": 91, "type": "static", "content": "2", "data": "case_insensitive"}, {"id": 93, "challenge_id": 92, "type": "static", "content": "https://your-application.atlassian.net", "data": "case_insensitive"}, {"id": 94, "challenge_id": 93, "type": "static", "content": "https://trendmicroms.zendesk.com/", "data": "case_insensitive"}, {"id": 95, "challenge_id": 94, "type": "static", "content": "https://your-instance.service-now.com", "data": "case_insensitive"}, {"id": 96, "challenge_id": 95, "type": "static", "content": "SNS Topic ARN", "data": "case_insensitive"}, {"id": 97, "challenge_id": 96, "type": "static", "content": "1", "data": "case_insensitive"}, {"id": 98, "challenge_id": 97, "type": "static", "content": "Run the Conformity Bot again", "data": "case_insensitive"}, {"id": 99, "challenge_id": 98, "type": "static", "content": "SSO@cloudconformity.com", "data": "case_insensitive"}, {"id": 100, "challenge_id": 99, "type": "static", "content": "config.js", "data": "case_insensitive"}, {"id": 101, "challenge_id": 57, "type": "static", "content": "keith@cloudconformity.com", "data": "case_insensitive"}, {"id": 102, "challenge_id": 100, "type": "static", "content": "Cost Optimisation Package", "data": "case_insensitive"}, {"id": 104, "challenge_id": 102, "type": "static", "content": "Bucket s3Bucket doesn't have encryption enabled", "data": "case_insensitive"}, {"id": 105, "challenge_id": 103, "type": "static", "content": "Build the Environment", "data": "case_insensitive"}], "meta": {}}