{"count": 20, "results": [{"id": 1, "type": "standard", "challenge_id": 7, "content": "Check the end of the dashboard to view the evaluation period.", "cost": 2, "requirements": null}, {"id": 2, "type": "standard", "challenge_id": 8, "content": "Open the policy and count all the modules on your left hand.", "cost": 2, "requirements": null}, {"id": 3, "type": "standard", "challenge_id": 9, "content": "Search in the computers by \"your lab name\" and Double click on the server then go down for more details.", "cost": 2, "requirements": null}, {"id": 4, "type": "standard", "challenge_id": 10, "content": "Powershell Script extension is ps1", "cost": 2, "requirements": null}, {"id": 5, "type": "standard", "challenge_id": 11, "content": "Linux Script extension is sh", "cost": 2, "requirements": null}, {"id": 6, "type": "standard", "challenge_id": 12, "content": "Search in the computers by \"aks-default\" and Double click on the server then go down for more details", "cost": 2, "requirements": null}, {"id": 7, "type": "standard", "challenge_id": 13, "content": "Click on your victim machine -> AntiMalware events -> click on get events", "cost": 2, "requirements": null}, {"id": 8, "type": "standard", "challenge_id": 14, "content": "Click on your victim machine -> Integrity Monitoring events -> click on get events", "cost": 2, "requirements": null}, {"id": 9, "type": "standard", "challenge_id": 15, "content": "Click on your victim machine -> Web Reputation events -> click on get events", "cost": 2, "requirements": null}, {"id": 10, "type": "standard", "challenge_id": 16, "content": "Click on your victim machine -> Log Inspection events -> click on get events", "cost": 2, "requirements": null}, {"id": 11, "type": "standard", "challenge_id": 17, "content": "Click on your victim machine -> IPS Events -> click on get events", "cost": 2, "requirements": null}, {"id": 12, "type": "standard", "challenge_id": 18, "content": "/opt/ds_agent/dsa_control --buildBaseline", "cost": 2, "requirements": null}, {"id": 13, "type": "standard", "challenge_id": 19, "content": "Ensure that the Rule is EQUALS values", "cost": 2, "requirements": null}, {"id": 14, "type": "standard", "challenge_id": 20, "content": "Go to Policies > Lists > File Extension Lists > Scan List", "cost": 2, "requirements": null}, {"id": 15, "type": "standard", "challenge_id": 21, "content": "Ensure that you added the URL and clicked save.", "cost": 2, "requirements": null}, {"id": 16, "type": "standard", "challenge_id": 22, "content": "Actions Tab will give you visibility to allow/block unrecognized apps", "cost": 2, "requirements": null}, {"id": 17, "type": "standard", "challenge_id": 23, "content": "Wait till the rec scan completed then pick the number from there", "cost": 2, "requirements": null}, {"id": 18, "type": "standard", "challenge_id": 24, "content": "Check the CloudFormation URL", "cost": 2, "requirements": null}, {"id": 19, "type": "standard", "challenge_id": 25, "content": "DS > SNS > Lambda > CW logs > Stream then check the details there", "cost": 5, "requirements": null}, {"id": 20, "type": "standard", "challenge_id": 37, "content": "Check IPS events after running the Portugal button and search for the Destination IP", "cost": 0, "requirements": null}], "meta": {}}