{"count": 1, "results": [{"id": 1, "title": "None", "route": "index", "content": "<div class=\"row\">\r\n    <div class=\"col-md-6 offset-md-3\">\r\n    \r\n<img data-original=\"https://images.idgesg.net/images/article/2018/06/trend-micro-logo_crop-100761715-large.jpg\" class=\"lazy\" loading=\"lazy\" alt=\"trend micro logo crop\" itemprop=\"contentUrl\" onload=\"try {performance.clearMarks('mark_primary_img_rendered'); performance.mark('mark_primary_img_rendered');}catch(e) {console.log('Error saving performance mark -- this function may not be supported in this browser');}\" src=\"https://www.blackhat.com/images/logos/trend-micro.png\" style=\"display: block; margin-left: auto; margin-right:auto; padding-top: 10%; padding-bottom: 5%\"\r\nwidth=250>\r\n        <h3 class=\"text-center\">\r\n           \t<p>TM Cloud One Workshop</p>\r\n            <p> </p>\r\n            <p>Follow us on social media:</p>\r\n            <a href=\"https://twitter.com/TrendMicro\" target=\"_blank\"><i class=\"fab fa-twitter fa-2x\" aria-hidden=\"true\"></i></a>&nbsp;\r\n            <a href=\"https://www.facebook.com/trendmicrosg/\" target=\"_blank\"><i class=\"fab fa-facebook fa-2x\" aria-hidden=\"true\"></i></a>&nbsp;\r\n        </h3>\r\n        <br>\r\n        <h4 class=\"text-center\">\r\n            <a href=\"https://www.surveymonkey.com/r/NHCWQPC\">Leave Feedback</a>\r\n        </h4>\r\n    </div>\r\n</div>", "draft": 0, "hidden": 0, "auth_required": 0}], "meta": {}}