{"count": 66, "results": [{"id": 6176, "challenge_id": 7, "user_id": 314, "team_id": null}, {"id": 6177, "challenge_id": 8, "user_id": 314, "team_id": null}, {"id": 6178, "challenge_id": 9, "user_id": 314, "team_id": null}, {"id": 6179, "challenge_id": 10, "user_id": 314, "team_id": null}, {"id": 6180, "challenge_id": 11, "user_id": 314, "team_id": null}, {"id": 6181, "challenge_id": 13, "user_id": 314, "team_id": null}, {"id": 6182, "challenge_id": 14, "user_id": 314, "team_id": null}, {"id": 6183, "challenge_id": 15, "user_id": 314, "team_id": null}, {"id": 6184, "challenge_id": 16, "user_id": 314, "team_id": null}, {"id": 6185, "challenge_id": 17, "user_id": 314, "team_id": null}, {"id": 6186, "challenge_id": 18, "user_id": 314, "team_id": null}, {"id": 6187, "challenge_id": 19, "user_id": 314, "team_id": null}, {"id": 6189, "challenge_id": 20, "user_id": 314, "team_id": null}, {"id": 6190, "challenge_id": 22, "user_id": 314, "team_id": null}, {"id": 6191, "challenge_id": 37, "user_id": 314, "team_id": null}, {"id": 6194, "challenge_id": 7, "user_id": 320, "team_id": null}, {"id": 6199, "challenge_id": 8, "user_id": 320, "team_id": null}, {"id": 6201, "challenge_id": 7, "user_id": 323, "team_id": null}, {"id": 6203, "challenge_id": 7, "user_id": 322, "team_id": null}, {"id": 6206, "challenge_id": 8, "user_id": 323, "team_id": null}, {"id": 6211, "challenge_id": 8, "user_id": 322, "team_id": null}, {"id": 6214, "challenge_id": 7, "user_id": 321, "team_id": null}, {"id": 6218, "challenge_id": 7, "user_id": 308, "team_id": null}, {"id": 6219, "challenge_id": 8, "user_id": 308, "team_id": null}, {"id": 6224, "challenge_id": 7, "user_id": 319, "team_id": null}, {"id": 6225, "challenge_id": 9, "user_id": 320, "team_id": null}, {"id": 6226, "challenge_id": 8, "user_id": 321, "team_id": null}, {"id": 6230, "challenge_id": 9, "user_id": 323, "team_id": null}, {"id": 6231, "challenge_id": 9, "user_id": 308, "team_id": null}, {"id": 6232, "challenge_id": 8, "user_id": 319, "team_id": null}, {"id": 6234, "challenge_id": 9, "user_id": 322, "team_id": null}, {"id": 6239, "challenge_id": 10, "user_id": 320, "team_id": null}, {"id": 6253, "challenge_id": 9, "user_id": 321, "team_id": null}, {"id": 6255, "challenge_id": 10, "user_id": 322, "team_id": null}, {"id": 6256, "challenge_id": 7, "user_id": 311, "team_id": null}, {"id": 6257, "challenge_id": 9, "user_id": 319, "team_id": null}, {"id": 6265, "challenge_id": 8, "user_id": 311, "team_id": null}, {"id": 6267, "challenge_id": 11, "user_id": 322, "team_id": null}, {"id": 6278, "challenge_id": 13, "user_id": 322, "team_id": null}, {"id": 6284, "challenge_id": 10, "user_id": 321, "team_id": null}, {"id": 6285, "challenge_id": 10, "user_id": 319, "team_id": null}, {"id": 6312, "challenge_id": 10, "user_id": 323, "team_id": null}, {"id": 6314, "challenge_id": 11, "user_id": 323, "team_id": null}, {"id": 6315, "challenge_id": 11, "user_id": 321, "team_id": null}, {"id": 6316, "challenge_id": 11, "user_id": 319, "team_id": null}, {"id": 6331, "challenge_id": 13, "user_id": 319, "team_id": null}, {"id": 6332, "challenge_id": 13, "user_id": 321, "team_id": null}, {"id": 6335, "challenge_id": 14, "user_id": 322, "team_id": null}, {"id": 6336, "challenge_id": 15, "user_id": 322, "team_id": null}, {"id": 6346, "challenge_id": 11, "user_id": 320, "team_id": null}, {"id": 6349, "challenge_id": 14, "user_id": 321, "team_id": null}, {"id": 6350, "challenge_id": 14, "user_id": 319, "team_id": null}, {"id": 6351, "challenge_id": 15, "user_id": 321, "team_id": null}, {"id": 6353, "challenge_id": 15, "user_id": 319, "team_id": null}, {"id": 6359, "challenge_id": 10, "user_id": 308, "team_id": null}, {"id": 6360, "challenge_id": 11, "user_id": 308, "team_id": null}, {"id": 6364, "challenge_id": 26, "user_id": 310, "team_id": null}, {"id": 6365, "challenge_id": 26, "user_id": 308, "team_id": null}, {"id": 6366, "challenge_id": 27, "user_id": 308, "team_id": null}, {"id": 6367, "challenge_id": 28, "user_id": 308, "team_id": null}, {"id": 6368, "challenge_id": 29, "user_id": 308, "team_id": null}, {"id": 6369, "challenge_id": 30, "user_id": 308, "team_id": null}, {"id": 6370, "challenge_id": 31, "user_id": 308, "team_id": null}, {"id": 6371, "challenge_id": 32, "user_id": 308, "team_id": null}, {"id": 6372, "challenge_id": 33, "user_id": 308, "team_id": null}, {"id": 6374, "challenge_id": 26, "user_id": 327, "team_id": null}], "meta": {}}