{"count": 24, "results": [{"id": 275, "oauth_id": null, "name": "bryce", "password": "$bcrypt-sha256$2b,12$lx12NdnuIEA.oWsn6PAV2.$9vEg7sIkQTa7xxvlDwb/qQ8vTnyXHwe", "email": "mohamed_khaled@trendmicro.com", "type": "admin", "secret": null, "website": null, "affiliation": null, "country": null, "bracket": null, "hidden": 1, "banned": 0, "verified": 0, "team_id": null, "created": "2019-11-25T09:30:09"}, {"id": 300, "oauth_id": null, "name": "Mohamed Samir (Ashour)", "password": "$bcrypt-sha256$2b,12$umPmnYo5MaXEqa2rdlwv5O$3blPwcc8ohyKeospV6sbJMackeGULVe", "email": "mohamed_ashour@trendmicro.com", "type": "admin", "secret": null, "website": null, "affiliation": null, "country": null, "bracket": null, "hidden": 1, "banned": 0, "verified": 1, "team_id": null, "created": "2020-01-29T09:18:10"}, {"id": 301, "oauth_id": null, "name": "Mick McCluney", "password": "$bcrypt-sha256$2b,12$ZZK/FJky5Ucc3AqdDn2VDO$byHG5bkiPCl6OeTB.kV79XREPD0k6fO", "email": "mick_mccluney@trendmicro.com", "type": "admin", "secret": null, "website": null, "affiliation": null, "country": null, "bracket": null, "hidden": 1, "banned": 0, "verified": 1, "team_id": null, "created": "2020-01-29T09:19:10"}, {"id": 302, "oauth_id": null, "name": "Tejas Sheth", "password": "$bcrypt-sha256$2b,12$GzmQdEbgQJ.6VHd1mkwZXe$EZ/npLu0Kqf.C711rSXLFveLzTsXMIa", "email": "tejas_s@trendmicro.com", "type": "admin", "secret": null, "website": null, "affiliation": null, "country": null, "bracket": null, "hidden": 1, "banned": 0, "verified": 1, "team_id": null, "created": "2020-01-29T09:21:26"}, {"id": 303, "oauth_id": null, "name": "Ashraf Barakat", "password": "$bcrypt-sha256$2b,12$HF5pbolYI34YlA96a0M9pu$DSZ3t/PytTiHBThRUdWTER7BWJ7V2hC", "email": "Ashraf_Barakat@trendmicro.com", "type": "admin", "secret": null, "website": null, "affiliation": null, "country": null, "bracket": null, "hidden": 1, "banned": 0, "verified": 1, "team_id": null, "created": "2020-01-29T09:24:56"}, {"id": 304, "oauth_id": null, "name": "William Robinson", "password": "$bcrypt-sha256$2b,12$5lmh9BjpJtdSBAhJfow67e$oC8w6scZTQfFTCs6YCwL47uRfq40ZUG", "email": "will_robinson@trendmicro.com", "type": "admin", "secret": null, "website": null, "affiliation": null, "country": null, "bracket": null, "hidden": 1, "banned": 0, "verified": 1, "team_id": null, "created": "2020-01-29T09:28:46"}, {"id": 305, "oauth_id": null, "name": "Yash Pillay", "password": "$bcrypt-sha256$2b,12$xMPA2qh8rROuQITDg0dEhO$PSRXzeYuLX4ne9Pb6pGq94WtMNk1vdC", "email": "Yash_Pillay@trendmicro.com", "type": "admin", "secret": null, "website": null, "affiliation": null, "country": null, "bracket": null, "hidden": 1, "banned": 0, "verified": 1, "team_id": null, "created": "2020-01-29T09:30:21"}, {"id": 306, "oauth_id": null, "name": "Roy Lackner", "password": "$bcrypt-sha256$2b,12$XU0wYbhqgJAAonKS9PwG7.$iCMExW7Pm6OlRpkRiMmHMk.MCxAM3ku", "email": "Roy_Lackner@trendmicro.com", "type": "admin", "secret": null, "website": null, "affiliation": null, "country": null, "bracket": null, "hidden": 1, "banned": 0, "verified": 1, "team_id": null, "created": "2020-01-29T09:31:24"}, {"id": 307, "oauth_id": null, "name": "Luke Yang", "password": "$bcrypt-sha256$2b,12$nusB7PAKo/EfMVrsi/KAGe$Dqjgzpxdr69XRIVNeKgJiMwvsdPRnAC", "email": "luke_yang@trendmicro.com", "type": "admin", "secret": null, "website": null, "affiliation": null, "country": null, "bracket": null, "hidden": 1, "banned": 0, "verified": 1, "team_id": null, "created": "2020-01-29T09:32:37"}, {"id": 308, "oauth_id": null, "name": "amith", "password": "$bcrypt-sha256$2b,12$bzqUb4/n30/bQig0MoVMEu$MfnfZD8OiE1Ys4nwxhtj2ke0OFFrXzy", "email": "amith_s@trendmicro.com", "type": "admin", "secret": null, "website": null, "affiliation": null, "country": "IN", "bracket": null, "hidden": 1, "banned": 0, "verified": 1, "team_id": null, "created": "2020-01-30T07:40:21"}, {"id": 309, "oauth_id": null, "name": "Unmesh", "password": "$bcrypt-sha256$2b,12$ki9RE304Gn7v9ExzYjMUhe$E0DLmcgYjfhwZ2HJD28oYa3B2VOHWDy", "email": "unmesh_s@trendmicro.com", "type": "admin", "secret": null, "website": null, "affiliation": null, "country": "", "bracket": null, "hidden": 1, "banned": 0, "verified": 0, "team_id": null, "created": "2020-01-30T09:31:23"}, {"id": 310, "oauth_id": null, "name": "Saravana", "password": "$bcrypt-sha256$2b,12$IEi6HJQEfJrJVpaiPlTKIe$yeg20OuDS9cp39u8/FHMvld5Vr.flHe", "email": "Saravana_C@trendmicro.com", "type": "admin", "secret": null, "website": null, "affiliation": null, "country": null, "bracket": null, "hidden": 1, "banned": 0, "verified": 0, "team_id": null, "created": "2020-01-30T09:33:46"}, {"id": 311, "oauth_id": null, "name": "Krishanth", "password": "$bcrypt-sha256$2b,12$Q21On.0P7sNljJGxe4fhOe$HI5wgV87fchdPabZP.Y8PuJmIAu9l3K", "email": "krishanth_k@trendmicro.com", "type": "admin", "secret": null, "website": null, "affiliation": null, "country": null, "bracket": null, "hidden": 1, "banned": 0, "verified": 0, "team_id": null, "created": "2020-01-30T09:34:38"}, {"id": 312, "oauth_id": null, "name": "Sukhdeep", "password": "$bcrypt-sha256$2b,12$jA6osM/VnXikuvyqR4M25.$DVbLog2aSyDzhDdA2lXi3.6L/uIy3nu", "email": "sukhdeep_s@trendmicro.com", "type": "admin", "secret": null, "website": null, "affiliation": null, "country": null, "bracket": null, "hidden": 1, "banned": 0, "verified": 0, "team_id": null, "created": "2020-01-30T09:35:44"}, {"id": 313, "oauth_id": null, "name": "Praseen", "password": "$bcrypt-sha256$2b,12$CP8Hzr3c08FRlCOuLISv.u$7NOOeIWX4cKTaalD/0g7nvQ6saJdNS6", "email": "praseen_k@trendmicro.com", "type": "admin", "secret": null, "website": null, "affiliation": null, "country": null, "bracket": null, "hidden": 1, "banned": 0, "verified": 0, "team_id": null, "created": "2020-01-30T09:36:19"}, {"id": 314, "oauth_id": null, "name": "jonathanty", "password": "$bcrypt-sha256$2b,12$rtUj1c2/7pa8B20/SGr2ae$.HL0bLgcZyc5we0pReLkd.TPgOUv6Z.", "email": "jonathan_ty@trendmicro.com", "type": "user", "secret": null, "website": null, "affiliation": null, "country": null, "bracket": null, "hidden": 1, "banned": 0, "verified": 0, "team_id": null, "created": "2020-01-31T03:41:51"}, {"id": 319, "oauth_id": null, "name": "Aliana Lachica", "password": "$bcrypt-sha256$2b,12$mQ69PdjoNl2d6.hMhsjxiO$lyF0j5SSM9jetd1hWEExbBzz879h.tK", "email": "lachicaalianamarie@gmail.com", "type": "user", "secret": null, "website": null, "affiliation": null, "country": null, "bracket": null, "hidden": 1, "banned": 0, "verified": 0, "team_id": null, "created": "2020-01-31T06:26:56"}, {"id": 320, "oauth_id": null, "name": "jhalvero", "password": "$bcrypt-sha256$2b,12$LZCLA/liSJANMb4Iu6whWu$NpuLOu/HvDz7NdcESTk0Aav4p2xqWiy", "email": "johnhomer@gmail.com", "type": "user", "secret": null, "website": null, "affiliation": null, "country": null, "bracket": null, "hidden": 1, "banned": 0, "verified": 0, "team_id": null, "created": "2020-01-31T06:26:59"}, {"id": 321, "oauth_id": null, "name": "jediahalmira", "password": "$bcrypt-sha256$2b,12$ikFqmDTEm/khIjhOScs.KO$mpZC50jKcCezJc2IV20.K0mMKT5.1JS", "email": "jediah.argonza@gmail.com", "type": "user", "secret": null, "website": null, "affiliation": null, "country": null, "bracket": null, "hidden": 1, "banned": 0, "verified": 0, "team_id": null, "created": "2020-01-31T06:27:06"}, {"id": 322, "oauth_id": null, "name": "cestonilo", "password": "$bcrypt-sha256$2b,12$g2gb6cbTMVDdLXfeF7CfXe$k6bpKp5LmAtimwfqPcLbyqjnTVmmheC", "email": "dina.marcelo13@gmail.com", "type": "user", "secret": null, "website": null, "affiliation": null, "country": "", "bracket": null, "hidden": 1, "banned": 0, "verified": 0, "team_id": null, "created": "2020-01-31T06:27:25"}, {"id": 323, "oauth_id": null, "name": "uly", "password": "$bcrypt-sha256$2b,12$Q1/4yxp2A5b0yCrtKdhjKe$dQhBCdVMuDQw4JHdQWg42xNg5Xuxw2C", "email": "ulysses_liao@trendmicro.com", "type": "user", "secret": null, "website": null, "affiliation": null, "country": null, "bracket": null, "hidden": 1, "banned": 0, "verified": 0, "team_id": null, "created": "2020-01-31T06:33:55"}, {"id": 327, "oauth_id": null, "name": "workshop", "password": "$bcrypt-sha256$2b,12$eHyUNHGZRHF4C461TWO4y.$wxn1p1OXUAVu2fRZ2ywxdQRLbSPCKTy", "email": "workshop@trend.com", "type": "user", "secret": null, "website": null, "affiliation": null, "country": null, "bracket": null, "hidden": 1, "banned": 0, "verified": 0, "team_id": null, "created": "2020-02-05T06:11:52"}, {"id": 328, "oauth_id": null, "name": "peeweeh", "password": "$bcrypt-sha256$2b,12$wiqj/CdB.wC0Zi3GzXGnW.$ld2rhP8R8yhO/pZuby4ygepzsafNsvW", "email": "paul_hidalgo@trendmicro.com", "type": "admin", "secret": null, "website": null, "affiliation": null, "country": null, "bracket": null, "hidden": 1, "banned": 0, "verified": 0, "team_id": null, "created": "2020-02-05T08:39:33"}, {"id": 355, "oauth_id": null, "name": "zaroza", "password": "$bcrypt-sha256$2b,12$JCaGMysbFPk1CvtNPWkCPu$PLpdQqxMCRcwXLCnJaZyBahe7tBwDtu", "email": "burak00@gmail.com", "type": "user", "secret": null, "website": null, "affiliation": null, "country": null, "bracket": null, "hidden": 0, "banned": 0, "verified": 1, "team_id": null, "created": "2020-02-10T12:47:17"}], "meta": {}}